INSERT INTO les_arrets (identifiant,code,nom,ligne,lon,lat) VALUES (0, 'SEM:GENLETOILE', 'L Etoile', 'A', '5.7033', '45.13788');
INSERT INTO les_arrets (identifiant,code,nom,ligne,lon,lat) VALUES (1, 'SEM:GENCHANDON', 'Edm e Chandon', 'A', '5.7083', '45.13671');
INSERT INTO les_arrets (identifiant,code,nom,ligne,lon,lat) VALUES (2, 'SEM:GENDENPAPIN', 'Denis Papin', 'A', '5.71307', '45.13832');
INSERT INTO les_arrets (identifiant,code,nom,ligne,lon,lat) VALUES (3, 'SEM:GENADELAUNE', 'Auguste Delaune', 'A', '5.71527', '45.14292');
INSERT INTO les_arrets (identifiant,code,nom,ligne,lon,lat) VALUES (4, 'SEM:GENMARIECUR', 'Marie Curie', 'A', '5.71704', '45.14523');
INSERT INTO les_arrets (identifiant,code,nom,ligne,lon,lat) VALUES (5, 'SEM:GENRAMPE', 'La Rampe - Centre-Ville', 'A', '5.71818', '45.14948');
INSERT INTO les_arrets (identifiant,code,nom,ligne,lon,lat) VALUES (6, 'SEM:GENECHIGARE', 'Echirolles Gare', 'A', '5.71848', '45.15302');
INSERT INTO les_arrets (identifiant,code,nom,ligne,lon,lat) VALUES (7, 'SEM:GENESSARTS', 'Essarts - La Butte', 'A', '5.71909', '45.15588');
INSERT INTO les_arrets (identifiant,code,nom,ligne,lon,lat) VALUES (8, 'SEM:GENSURIEUX', 'Surieux', 'A', '5.72192', '45.15846');
INSERT INTO les_arrets (identifiant,code,nom,ligne,lon,lat) VALUES (9, 'SEM:GENGRANGES', 'Les Granges', 'A', '5.72781', '45.15696');
INSERT INTO les_arrets (identifiant,code,nom,ligne,lon,lat) VALUES (10, 'SEM:GENPOLESUD', 'Polesud - Alpexpo', 'A', '5.73384', '45.15715');
INSERT INTO les_arrets (identifiant,code,nom,ligne,lon,lat) VALUES (11, 'SEM:GENGRDPLACE', 'Grand place', 'A', '5.73179', '45.15893');
INSERT INTO les_arrets (identifiant,code,nom,ligne,lon,lat) VALUES (12, 'SEM:GENARLEQUIN', 'Arlequin', 'A', '5.73047', '45.16359');
INSERT INTO les_arrets (identifiant,code,nom,ligne,lon,lat) VALUES (13, 'SEM:GENBRUYERE', 'La Bruy re-Parc Jean Verlhac', 'A', '5.73118', '45.16635');
INSERT INTO les_arrets (identifiant,code,nom,ligne,lon,lat) VALUES (14, 'SEM:GENMALHERBE', 'Malherbe', 'A', '5.73229', '45.16928');
INSERT INTO les_arrets (identifiant,code,nom,ligne,lon,lat) VALUES (15, 'SEM:GENMAICULTU', 'MC2: Maison de la Culture', 'A', '5.73206', '45.17347');
INSERT INTO les_arrets (identifiant,code,nom,ligne,lon,lat) VALUES (16, 'SEM:GENMOUNIER', 'Mounier', 'A', '5.73179', '45.179');
INSERT INTO les_arrets (identifiant,code,nom,ligne,lon,lat) VALUES (17, 'SEM:GENALB1BELG', 'Albert 1er de Belgique', 'A', '5.73167', '45.18168');
INSERT INTO les_arrets (identifiant,code,nom,ligne,lon,lat) VALUES (18, 'SEM:GENCHAVANT', 'Chavant', 'A', '5.73177', '45.18466');
INSERT INTO les_arrets (identifiant,code,nom,ligne,lon,lat) VALUES (19, 'SEM:GENVERDUN', 'Verdun - Pr fecture', 'A', '5.73144', '45.1883');
INSERT INTO les_arrets (identifiant,code,nom,ligne,lon,lat) VALUES (20, 'SEM:GENDUBEDOUT', 'Hubert Dubedout - Maison du Tourisme', 'A', '5.72822', '45.1902');
INSERT INTO les_arrets (identifiant,code,nom,ligne,lon,lat) VALUES (21, 'SEM:GENVICTHUGO', 'Victor Hugo', 'A', '5.72499', '45.18938');
INSERT INTO les_arrets (identifiant,code,nom,ligne,lon,lat) VALUES (22, 'SEM:GENALSACELO', 'Alsace-Lorraine', 'A', '5.7193', '45.18911');
INSERT INTO les_arrets (identifiant,code,nom,ligne,lon,lat) VALUES (23, 'SEM:GENGARES', 'Gares', 'A', '5.71554', '45.19078');
INSERT INTO les_arrets (identifiant,code,nom,ligne,lon,lat) VALUES (24, 'SEM:GENSTBRUNO', 'Saint-Bruno', 'A', '5.71351', '45.18833');
INSERT INTO les_arrets (identifiant,code,nom,ligne,lon,lat) VALUES (25, 'SEM:GENBERRIAT', 'Berriat-Le Magasin', 'A', '5.70588', '45.18878');
INSERT INTO les_arrets (identifiant,code,nom,ligne,lon,lat) VALUES (26, 'SEM:GENFONTAINA', 'Les Fontainades - Le Vog', 'A', '5.69844', '45.18909');
INSERT INTO les_arrets (identifiant,code,nom,ligne,lon,lat) VALUES (27, 'SEM:GENMAISONNA', 'Louis Maisonnat', 'A', '5.69409', '45.18912');
INSERT INTO les_arrets (identifiant,code,nom,ligne,lon,lat) VALUES (28, 'SEM:GENFONTAHDV', 'Fontaine H tel de Ville - La Source', 'A', '5.68727', '45.19134');
INSERT INTO les_arrets (identifiant,code,nom,ligne,lon,lat) VALUES (29, 'SEM:GENCHARLMIC', 'Charles Michels', 'A', '5.68009', '45.19385');
INSERT INTO les_arrets (identifiant,code,nom,ligne,lon,lat) VALUES (30, 'SEM:GENLAPOYA', 'La Poya', 'A', '5.67222', '45.19709');
INSERT INTO les_arrets (identifiant,code,nom,ligne,lon,lat) VALUES (31, 'SEM:GENPLAINEDS', 'Plaine des Sports', 'B', '5.78421', '45.18805');
INSERT INTO les_arrets (identifiant,code,nom,ligne,lon,lat) VALUES (32, 'SEM:GENGIERGARE', 'Gi res Gare - Universit s', 'B', '5.78458', '45.18528');
INSERT INTO les_arrets (identifiant,code,nom,ligne,lon,lat) VALUES (33, 'SEM:GENMAYENCIN', 'Mayencin - Champ Roman', 'B', '5.77895', '45.18491');
INSERT INTO les_arrets (identifiant,code,nom,ligne,lon,lat) VALUES (34, 'SEM:GENCONDIUNI', 'Condillac - Universit s', 'B', '5.77445', '45.18915');
INSERT INTO les_arrets (identifiant,code,nom,ligne,lon,lat) VALUES (35, 'SEM:GENBIBLIUNI', 'Biblioth ques Universitaires', 'B', '5.7709', '45.19246');
INSERT INTO les_arrets (identifiant,code,nom,ligne,lon,lat) VALUES (36, 'SEM:GENGABFAURE', 'Gabriel Faur ', 'B', '5.7643', '45.19228');
INSERT INTO les_arrets (identifiant,code,nom,ligne,lon,lat) VALUES (37, 'SEM:GENTAILLEES', 'Les Taill es - Universit s', 'B', '5.75784', '45.19215');
INSERT INTO les_arrets (identifiant,code,nom,ligne,lon,lat) VALUES (38, 'SEM:GENGRDSABLO', 'Grand Sablon', 'B', '5.75', '45.19903');
INSERT INTO les_arrets (identifiant,code,nom,ligne,lon,lat) VALUES (39, 'SEM:GENMICHALLO', 'Michallon', 'B', '5.74533', '45.20028');
INSERT INTO les_arrets (identifiant,code,nom,ligne,lon,lat) VALUES (40, 'SEM:GENTRONCHOP', 'La Tronche H pital', 'B', '5.74184', '45.20123');
INSERT INTO les_arrets (identifiant,code,nom,ligne,lon,lat) VALUES (41, 'SEM:GENILEVERTE', 'Ile Verte', 'B', '5.73662', '45.19713');
INSERT INTO les_arrets (identifiant,code,nom,ligne,lon,lat) VALUES (42, 'SEM:GENNOTREDAM', 'Notre-Dame - Mus e', 'B', '5.73214', '45.19358');
INSERT INTO les_arrets (identifiant,code,nom,ligne,lon,lat) VALUES (43, 'SEM:GENSTECLAIR', 'Sainte-Claire - Les Halles', 'B', '5.73067', '45.19146');
INSERT INTO les_arrets (identifiant,code,nom,ligne,lon,lat) VALUES (44, 'SEM:GENDUBEDOUT', 'Hubert Dubedout - Maison du Tourisme', 'B', '5.72822', '45.1902');
INSERT INTO les_arrets (identifiant,code,nom,ligne,lon,lat) VALUES (45, 'SEM:GENVICTHUGO', 'Victor Hugo', 'B', '5.72499', '45.18938');
INSERT INTO les_arrets (identifiant,code,nom,ligne,lon,lat) VALUES (46, 'SEM:GENALSACELO', 'Alsace-Lorraine', 'B', '5.7193', '45.18911');
INSERT INTO les_arrets (identifiant,code,nom,ligne,lon,lat) VALUES (47, 'SEM:GENGARES', 'Gares', 'B', '5.71554', '45.19078');
INSERT INTO les_arrets (identifiant,code,nom,ligne,lon,lat) VALUES (48, 'SEM:GENSTBRUNO', 'Saint-Bruno', 'B', '5.71351', '45.18833');
INSERT INTO les_arrets (identifiant,code,nom,ligne,lon,lat) VALUES (49, 'SEM:GENPALJUSTI', 'Palais de Justice - Gare', 'B', '5.71086', '45.19164');
INSERT INTO les_arrets (identifiant,code,nom,ligne,lon,lat) VALUES (50, 'SEM:GENCITEINTE', 'Cit  Internationale', 'B', '5.7112', '45.19508');
INSERT INTO les_arrets (identifiant,code,nom,ligne,lon,lat) VALUES (51, 'SEM:GENCEACAMB', 'Marie-Louise Paris - CEA', 'B', '5.70431', '45.20216');
INSERT INTO les_arrets (identifiant,code,nom,ligne,lon,lat) VALUES (52, 'SEM:GENPRESQUIL', 'Oxford', 'B', '5.6994', '45.20613');
INSERT INTO les_arrets (identifiant,code,nom,ligne,lon,lat) VALUES (53, 'SEM:GENPLAINEDS', 'Plaine des Sports', 'C', '5.78421', '45.18805');
INSERT INTO les_arrets (identifiant,code,nom,ligne,lon,lat) VALUES (54, 'SEM:GENGIERGARE', 'Gi res Gare - Universit s', 'C', '5.78458', '45.18528');
INSERT INTO les_arrets (identifiant,code,nom,ligne,lon,lat) VALUES (55, 'SEM:GENMAYENCIN', 'Mayencin - Champ Roman', 'C', '5.77895', '45.18491');
INSERT INTO les_arrets (identifiant,code,nom,ligne,lon,lat) VALUES (56, 'SEM:GENCONDIUNI', 'Condillac - Universit s', 'C', '5.77445', '45.18915');
INSERT INTO les_arrets (identifiant,code,nom,ligne,lon,lat) VALUES (57, 'SEM:GENBIBLIUNI', 'Biblioth ques Universitaires', 'C', '5.7709', '45.19246');
INSERT INTO les_arrets (identifiant,code,nom,ligne,lon,lat) VALUES (58, 'SEM:GENGABFAURE', 'Gabriel Faur ', 'C', '5.7643', '45.19228');
INSERT INTO les_arrets (identifiant,code,nom,ligne,lon,lat) VALUES (59, 'SEM:GENHBERLUNI', 'Hector Berlioz - Universit s', 'C', '5.75866', '45.19137');
INSERT INTO les_arrets (identifiant,code,nom,ligne,lon,lat) VALUES (60, 'SEM:GENNEYRBELL', 'Neyrpic - Belledonne', 'C', '5.75716', '45.18669');
INSERT INTO les_arrets (identifiant,code,nom,ligne,lon,lat) VALUES (61, 'SEM:GENPERIBROS', 'P ri - Brossolette', 'C', '5.75142', '45.18771');
INSERT INTO les_arrets (identifiant,code,nom,ligne,lon,lat) VALUES (62, 'SEM:GENVALMY', 'Flandrin - Valmy', 'C', '5.7448', '45.18719');
INSERT INTO les_arrets (identifiant,code,nom,ligne,lon,lat) VALUES (63, 'SEM:GENGREHOTEL', 'Grenoble H tel de Ville', 'C', '5.73779', '45.18746');
INSERT INTO les_arrets (identifiant,code,nom,ligne,lon,lat) VALUES (64, 'SEM:GENCHAVANT', 'Chavant', 'C', '5.73177', '45.18466');
INSERT INTO les_arrets (identifiant,code,nom,ligne,lon,lat) VALUES (65, 'SEM:GENGUSTRIVE', 'Gustave Rivet', 'C', '5.72783', '45.1817');
INSERT INTO les_arrets (identifiant,code,nom,ligne,lon,lat) VALUES (66, 'SEM:GENFOCHFERI', 'Foch - Ferri ', 'C', '5.72256', '45.1808');
INSERT INTO les_arrets (identifiant,code,nom,ligne,lon,lat) VALUES (67, 'SEM:GENVALLIBE', 'Vallier - Lib ration', 'C', '5.71608', '45.18013');
INSERT INTO les_arrets (identifiant,code,nom,ligne,lon,lat) VALUES (68, 'SEM:GENDRCALME', 'Vallier - Docteur Calmette', 'C', '5.71077', '45.18013');
INSERT INTO les_arrets (identifiant,code,nom,ligne,lon,lat) VALUES (69, 'SEM:GENVALLCATA', 'Vallier - Catane', 'C', '5.70558', '45.18002');
INSERT INTO les_arrets (identifiant,code,nom,ligne,lon,lat) VALUES (70, 'SEM:GENSEYHDV', 'Seyssinet-Pariset H tel de Ville', 'C', '5.69707', '45.18032');
INSERT INTO les_arrets (identifiant,code,nom,ligne,lon,lat) VALUES (71, 'SEM:GENFAUCONNI', 'Fauconni re', 'C', '5.69427', '45.17651');
INSERT INTO les_arrets (identifiant,code,nom,ligne,lon,lat) VALUES (72, 'SEM:GENGRANDPRE', 'Grand Pr ', 'C', '5.69424', '45.17178');
INSERT INTO les_arrets (identifiant,code,nom,ligne,lon,lat) VALUES (73, 'SEM:GENMASDESIL', 'Mas des Iles', 'C', '5.69424', '45.16727');
INSERT INTO les_arrets (identifiant,code,nom,ligne,lon,lat) VALUES (74, 'SEM:GENPRISME', 'Le Prisme', 'C', '5.69055', '45.16639');
INSERT INTO les_arrets (identifiant,code,nom,ligne,lon,lat) VALUES (75, 'SEM:GENTAILLEES', 'Les Taill es - Universit s', 'D', '5.75784', '45.19215');
INSERT INTO les_arrets (identifiant,code,nom,ligne,lon,lat) VALUES (76, 'SEM:GENPLAINEDS', 'Plaine des Sports', 'D', '5.78421', '45.18805');
INSERT INTO les_arrets (identifiant,code,nom,ligne,lon,lat) VALUES (77, 'SEM:GENGIERGARE', 'Gi res Gare - Universit s', 'D', '5.78458', '45.18528');
INSERT INTO les_arrets (identifiant,code,nom,ligne,lon,lat) VALUES (78, 'SEM:GENMAYENCIN', 'Mayencin - Champ Roman', 'D', '5.77895', '45.18491');
INSERT INTO les_arrets (identifiant,code,nom,ligne,lon,lat) VALUES (79, 'SEM:GENCONDIUNI', 'Condillac - Universit s', 'D', '5.77445', '45.18915');
INSERT INTO les_arrets (identifiant,code,nom,ligne,lon,lat) VALUES (80, 'SEM:GENBIBLIUNI', 'Biblioth ques Universitaires', 'D', '5.7709', '45.19246');
INSERT INTO les_arrets (identifiant,code,nom,ligne,lon,lat) VALUES (81, 'SEM:GENGABFAURE', 'Gabriel Faur ', 'D', '5.7643', '45.19228');
INSERT INTO les_arrets (identifiant,code,nom,ligne,lon,lat) VALUES (82, 'SEM:GENHBERLUNI', 'Hector Berlioz - Universit s', 'D', '5.75866', '45.19137');
INSERT INTO les_arrets (identifiant,code,nom,ligne,lon,lat) VALUES (83, 'SEM:GENNEYRBELL', 'Neyrpic - Belledonne', 'D', '5.75716', '45.18669');
INSERT INTO les_arrets (identifiant,code,nom,ligne,lon,lat) VALUES (84, 'SEM:GENMAISONCO', 'Maison Communale', 'D', '5.75414', '45.18412');
INSERT INTO les_arrets (identifiant,code,nom,ligne,lon,lat) VALUES (85, 'SEM:GENEDVAILLA', 'Edouard Vaillant', 'D', '5.75528', '45.17902');
INSERT INTO les_arrets (identifiant,code,nom,ligne,lon,lat) VALUES (86, 'SEM:GENBLANCHON', 'Parc Jo Blanchon', 'D', '5.75684', '45.17585');
INSERT INTO les_arrets (identifiant,code,nom,ligne,lon,lat) VALUES (87, 'SEM:GENETIEGRAP', 'Etienne Grappe', 'D', '5.75769', '45.17213');
INSERT INTO les_arrets (identifiant,code,nom,ligne,lon,lat) VALUES (88, 'SEM:GENLMICHEL', 'Louise Michel', 'E', '5.71287', '45.16976');
INSERT INTO les_arrets (identifiant,code,nom,ligne,lon,lat) VALUES (89, 'SEM:GENALLIES', 'Alli s', 'E', '5.71427', '45.17398');
INSERT INTO les_arrets (identifiant,code,nom,ligne,lon,lat) VALUES (90, 'SEM:GENVALLIBE', 'Vallier - Lib ration', 'E', '5.71608', '45.18013');
INSERT INTO les_arrets (identifiant,code,nom,ligne,lon,lat) VALUES (91, 'SEM:GENPLAINEDS', 'Plaine des Sports', 'E', '5.78421', '45.18805');
INSERT INTO les_arrets (identifiant,code,nom,ligne,lon,lat) VALUES (92, 'SEM:GENGIERGARE', 'Gi res Gare - Universit s', 'E', '5.78458', '45.18528');
INSERT INTO les_arrets (identifiant,code,nom,ligne,lon,lat) VALUES (93, 'SEM:GENMAYENCIN', 'Mayencin - Champ Roman', 'E', '5.77895', '45.18491');
INSERT INTO les_arrets (identifiant,code,nom,ligne,lon,lat) VALUES (94, 'SEM:GENCONDIUNI', 'Condillac - Universit s', 'E', '5.77445', '45.18915');
INSERT INTO les_arrets (identifiant,code,nom,ligne,lon,lat) VALUES (95, 'SEM:GENBIBLIUNI', 'Biblioth ques Universitaires', 'E', '5.7709', '45.19246');
INSERT INTO les_arrets (identifiant,code,nom,ligne,lon,lat) VALUES (96, 'SEM:GENGABFAURE', 'Gabriel Faur ', 'E', '5.7643', '45.19228');
INSERT INTO les_arrets (identifiant,code,nom,ligne,lon,lat) VALUES (97, 'SEM:GENHBERLUNI', 'Hector Berlioz - Universit s', 'E', '5.75866', '45.19137');
INSERT INTO les_arrets (identifiant,code,nom,ligne,lon,lat) VALUES (98, 'SEM:GENNEYRBELL', 'Neyrpic - Belledonne', 'E', '5.75716', '45.18669');
INSERT INTO les_arrets (identifiant,code,nom,ligne,lon,lat) VALUES (99, 'SEM:GENPERIBROS', 'P ri - Brossolette', 'E', '5.75142', '45.18771');
INSERT INTO les_arrets (identifiant,code,nom,ligne,lon,lat) VALUES (100, 'SEM:GENVALMY', 'Flandrin - Valmy', 'E', '5.7448', '45.18719');
INSERT INTO les_arrets (identifiant,code,nom,ligne,lon,lat) VALUES (101, 'SEM:GENGREHOTEL', 'Grenoble H tel de Ville', 'E', '5.73779', '45.18746');
INSERT INTO les_arrets (identifiant,code,nom,ligne,lon,lat) VALUES (102, 'SEM:GENCHAVANT', 'Chavant', 'E', '5.73177', '45.18466');
INSERT INTO les_arrets (identifiant,code,nom,ligne,lon,lat) VALUES (103, 'SEM:GENGUSTRIVE', 'Gustave Rivet', 'E', '5.72783', '45.1817');
INSERT INTO les_arrets (identifiant,code,nom,ligne,lon,lat) VALUES (104, 'SEM:GENFOCHFERI', 'Foch - Ferri ', 'E', '5.72256', '45.1808');
INSERT INTO les_arrets (identifiant,code,nom,ligne,lon,lat) VALUES (105, 'SEM:GENCONDORCE', 'Condorcet', 'E', '5.71823', '45.18553');
INSERT INTO les_arrets (identifiant,code,nom,ligne,lon,lat) VALUES (106, 'SEM:GENALSACELO', 'Alsace-Lorraine', 'E', '5.7193', '45.18911');
INSERT INTO les_arrets (identifiant,code,nom,ligne,lon,lat) VALUES (107, 'SEM:GENESPLANAD', 'Annie Fratellini-Esplanade', 'E', '5.71679', '45.19566');
INSERT INTO les_arrets (identifiant,code,nom,ligne,lon,lat) VALUES (108, 'SEM:GENCASAVILL', 'Casamaures - Village', 'E', '5.71747', '45.19902');
INSERT INTO les_arrets (identifiant,code,nom,ligne,lon,lat) VALUES (109, 'SEM:GENMAIRIESM', 'H tel de Ville', 'E', '5.70685', '45.20826');
INSERT INTO les_arrets (identifiant,code,nom,ligne,lon,lat) VALUES (110, 'SEM:GENHORLOGE', 'Horloge', 'E', '5.69885', '45.21363');
INSERT INTO les_arrets (identifiant,code,nom,ligne,lon,lat) VALUES (111, 'SEM:GENNERON', 'N ron', 'E', '5.69334', '45.21782');
INSERT INTO les_arrets (identifiant,code,nom,ligne,lon,lat) VALUES (112, 'SEM:GENPREDIEU', 'Fiancey - Pr dieu', 'E', '5.68827', '45.22359');
INSERT INTO les_arrets (identifiant,code,nom,ligne,lon,lat) VALUES (113, 'SEM:GENMURET', 'Muret', 'E', '5.68616', '45.22618');
INSERT INTO les_arrets (identifiant,code,nom,ligne,lon,lat) VALUES (114, 'SEM:GENPTVENCE', 'Pont de Vence', 'E', '5.6823', '45.23009');
INSERT INTO les_arrets (identifiant,code,nom,ligne,lon,lat) VALUES (115, 'SEM:GENPINEA', 'La Pin a - St Robert', 'E', '5.67549', '45.23565');
INSERT INTO les_arrets (identifiant,code,nom,ligne,lon,lat) VALUES (116, 'SEM:GENKARBEN', 'Karben', 'E', '5.67093', '45.24235');
INSERT INTO les_arrets (identifiant,code,nom,ligne,lon,lat) VALUES (117, 'SEM:GENRAFOUR', 'Rafour', 'E', '5.66688', '45.24868');
INSERT INTO les_arrets (identifiant,code,nom,ligne,lon,lat) VALUES (118, 'SEM:GENFONTANIL', 'Palluel', 'E', '5.66148', '45.25507');

INSERT INTO les_villes (identifiant,ville) VALUES (1,'Grenoble');
INSERT INTO  les_chamis (email,active,age,description,login,ville_identifiant) VALUES  ('naruben74@gmail.com',true,22,'Le premier user !','icare',1);

INSERT INTO les_informations (identifiant,numero,texte) VALUES (1,1,'Allô est-ce que quelqu’un reçoit ces messages ?');
INSERT INTO les_informations (identifiant,numero,texte) VALUES (2,2,'Raaaaah saleté de téléphone j’y comprend rien ');
INSERT INTO les_informations (identifiant,numero,texte) VALUES (4,4,'Il faut que vous m’aidiez,');
INSERT INTO les_informations (identifiant,numero,texte) VALUES (5,5,'je suis tombé dans un trou bizarre et là je suis dans une ville bizarre avec des gens bizarres habillés avec des draps la.');
INSERT INTO les_informations (identifiant,numero,texte) VALUES (6,6,'Je suis ou vous pensez sur un tournage de film bizarre ?');

INSERT INTO les_questions (identifiant,numero,description,label) VALUES (1,7,'Quel est le peuple ayant vécu à Grenoble au IIIème siècle ?','Question 1: Romains');

INSERT INTO les_materiels (identifiant,numero) VALUES (1,0);
INSERT INTO les_materiels (identifiant,numero) VALUES (2,0);
INSERT INTO les_materiels (identifiant,numero) VALUES (3,0);
INSERT INTO les_materiels (identifiant,numero) VALUES (4,0);


insert into les_textes (identifiant,numero,label) VALUES (1,0,'Les vikings');
insert into les_textes (identifiant,numero,label) VALUES (2,0,'Les kardashians');
insert into les_textes (identifiant,numero,label) VALUES (4,0,'Les incas');
insert into les_textes (identifiant,numero,label) VALUES (3,0,'Les romains');

INSERT INTO les_reponses(identifiant,bonne_reponse,materiel_identifiant) VALUES (1,false,1);
INSERT INTO les_reponses(identifiant,bonne_reponse,materiel_identifiant) VALUES (2,false,2);
INSERT INTO les_reponses(identifiant,bonne_reponse,materiel_identifiant) VALUES (3,false,3);
INSERT INTO les_reponses(identifiant,bonne_reponse,materiel_identifiant) VALUES (4,true,4);

INSERT INTO les_questions_reponses (les_questions_identifiant,reponses_identifiant)  VALUES (1,1);
INSERT INTO les_questions_reponses (les_questions_identifiant,reponses_identifiant)  VALUES (1,2);
INSERT INTO les_questions_reponses (les_questions_identifiant,reponses_identifiant)  VALUES (1,3);
INSERT INTO les_questions_reponses (les_questions_identifiant,reponses_identifiant)  VALUES (1,4);


INSERT INTO les_informations (identifiant,numero,texte) VALUES (7,8,'Pourquoi vous me parlez de romains ?');
INSERT INTO les_informations (identifiant,numero,texte) VALUES (8,9,'Attendez là vous pensez que j’ai fait un retour dans le temps ?');
INSERT INTO les_informations (identifiant,numero,texte) VALUES (9,10,'Oh la la c’est quoi ça encore ? Je vais encore être en retard pour le dîner ça veut dire …');
INSERT INTO les_informations (identifiant,numero,texte) VALUES (10,11,'Va falloir que vous m’aidiez à sortir d’ici !  Parce que ce soir c’est censé être lasagnes et je veux pas louper ça !');
INSERT INTO les_informations (identifiant,numero,texte) VALUES (11,12,'Il parle tous d’une nouvelle apparement la ville vient d’être reconnu par un certain sénateur');
INSERT INTO les_informations (identifiant,numero,texte) VALUES (12,13,'Essayez de trouver son nom ça devrait m’être utile !');

INSERT INTO les_questions (identifiant,numero,description,label) VALUES (2,14,'Quel est le nom du sénateur ayant reconnu le statut de ville pour Grenoble ?','Question 2: Sénateur');

INSERT INTO les_materiels (identifiant,numero) VALUES (5,0);
INSERT INTO les_materiels (identifiant,numero) VALUES (6,0);
INSERT INTO les_materiels (identifiant,numero) VALUES (7,0);
INSERT INTO les_materiels (identifiant,numero) VALUES (8,0);

insert into les_textes (identifiant,numero,label) VALUES (5,0,'Charlemagne');
insert into les_textes (identifiant,numero,label) VALUES (6,0,'Napoleon');
insert into les_textes (identifiant,numero,label) VALUES (7,0,'Lucius Munatius Plancus');
insert into les_textes (identifiant,numero,label) VALUES (8,0,'Benjamin VABRE');

INSERT INTO les_reponses(identifiant,bonne_reponse,materiel_identifiant) VALUES (5,false,5);
INSERT INTO les_reponses(identifiant,bonne_reponse,materiel_identifiant) VALUES (6,false,6);
INSERT INTO les_reponses(identifiant,bonne_reponse,materiel_identifiant) VALUES (7,true,7);
INSERT INTO les_reponses(identifiant,bonne_reponse,materiel_identifiant) VALUES (8,false,8);

INSERT INTO les_questions_reponses (les_questions_identifiant,reponses_identifiant)  VALUES (2,5);
INSERT INTO les_questions_reponses (les_questions_identifiant,reponses_identifiant)  VALUES (2,6);
INSERT INTO les_questions_reponses (les_questions_identifiant,reponses_identifiant)  VALUES (2,7);
INSERT INTO les_questions_reponses (les_questions_identifiant,reponses_identifiant)  VALUES (2,8);
																				 
INSERT INTO les_informations (identifiant,numero,texte) VALUES (13,15,' et beh sacré nom hein je plain les profs qui devait l’appeler hein ');
INSERT INTO les_informations (identifiant,numero,texte) VALUES (14,16,'bon déjà je connais un nom on avance.');
INSERT INTO les_informations (identifiant,numero,texte) VALUES (15,17,'je suis en dehors de la ville la ca m’avancerais peut être de rentrer mais il y a des remparts et je connais pas le nom de la porte pour demander mon chemin');
INSERT INTO les_informations (identifiant,numero,texte) VALUES (16,18,'il faut que tu m’aides !');

INSERT INTO les_questions (identifiant,numero,description,label) VALUES (3,19,'Quel est le nom du bar a devant l ancien rempart?','Question 3: Rempart');

INSERT INTO les_materiels (identifiant,numero) VALUES (9,0);
INSERT INTO les_materiels (identifiant,numero) VALUES (10,0);
INSERT INTO les_materiels (identifiant,numero) VALUES (11,0);
INSERT INTO les_materiels (identifiant,numero) VALUES (12,0);

insert into les_textes (identifiant,numero,label) VALUES (9,0,'Le tonneau de diogene');
insert into les_textes (identifiant,numero,label) VALUES (10,0,'Le brugs');
insert into les_textes (identifiant,numero,label) VALUES (11,0,'Le SOS');
insert into les_textes (identifiant,numero,label) VALUES (12,0,'Benjamin VABRE');																	 

INSERT INTO les_reponses(identifiant,bonne_reponse,materiel_identifiant) VALUES (9,true,9);
INSERT INTO les_reponses(identifiant,bonne_reponse,materiel_identifiant) VALUES (10,false,10);
INSERT INTO les_reponses(identifiant,bonne_reponse,materiel_identifiant) VALUES (11,false,11);
INSERT INTO les_reponses(identifiant,bonne_reponse,materiel_identifiant) VALUES (12,false,12);																				 

INSERT INTO les_questions_reponses (les_questions_identifiant,reponses_identifiant)  VALUES (3,9);
INSERT INTO les_questions_reponses (les_questions_identifiant,reponses_identifiant)  VALUES (3,10);
INSERT INTO les_questions_reponses (les_questions_identifiant,reponses_identifiant)  VALUES (3,11);
INSERT INTO les_questions_reponses (les_questions_identifiant,reponses_identifiant)  VALUES (3,12);

INSERT INTO les_informations (identifiant,numero,texte) VALUES (17,20,'Ah ca je sais exactement ou c est !');
INSERT INTO les_informations (identifiant,numero,texte) VALUES (18,21,'Ma memoire traverse les ages pour mon bar prefere !');
INSERT INTO les_informations (identifiant,numero,texte) VALUES (19,22,'Ce qui me rappelle que avant d arriver ici je me trouvais pres d une tour.');
INSERT INTO les_informations (identifiant,numero,texte) VALUES (20,23,'Tu pourrais te renseigner steu plait ?');



INSERT INTO les_questions (identifiant,numero,description,label) VALUES (4,24,'Peut on faire le tour du vestige?','Question 4: Tour1');

INSERT INTO les_materiels (identifiant,numero) VALUES (13,0);
INSERT INTO les_materiels (identifiant,numero) VALUES (14,0);


insert into les_textes (identifiant,numero,label) VALUES (13,0,'Oui');
insert into les_textes (identifiant,numero,label) VALUES (14,0,'Non');
																 

INSERT INTO les_reponses(identifiant,bonne_reponse,materiel_identifiant) VALUES (13,true,13);
INSERT INTO les_reponses(identifiant,bonne_reponse,materiel_identifiant) VALUES (14,false,14);
																				 

INSERT INTO les_questions_reponses (les_questions_identifiant,reponses_identifiant)  VALUES (4,13);
INSERT INTO les_questions_reponses (les_questions_identifiant,reponses_identifiant)  VALUES (4,14);

INSERT INTO les_informations (identifiant,numero,texte) VALUES (21,25,'Non, ce n’est pas la que j’étais, c’était plus vers le jardin de ville, il me semble que je sortais du bar à côté de l’église.');
INSERT INTO les_informations (identifiant,numero,texte) VALUES (22,26,' Va voir sur le mur a l etree du jardin de ville cote eglise y a une phrase bizarre que j ai lu');

INSERT INTO les_defis  (identifiant,actif,commentaire,date_de_creation,date_de_modification,description,duree,mode,point,titre,type,arret_identifiant)
VALUES (1,true,'Le premier defi !','10/05/2022','11/05/2022','Aidez  thierry à s en sortir au III eme siecle !',30,2,5,'Retour dans le temps ! Grenoble et les romains !',1,42);

INSERT INTO les_arrets_defis (arret_identifiant,defis_identifiant) VALUES  (42,1);

INSERT INTO les_chamis_defis (chamis_email,defis_identifiant) VALUES ('naruben74@gmail.com',1);

INSERT INTO les_defis_etapes(defis_identifiant,etapes_identifiant) VALUES (1,1);
INSERT INTO les_defis_etapes(defis_identifiant,etapes_identifiant) VALUES (1,2);
INSERT INTO les_defis_etapes(defis_identifiant,etapes_identifiant) VALUES (1,3);
INSERT INTO les_defis_etapes(defis_identifiant,etapes_identifiant) VALUES (1,4);
INSERT INTO les_defis_etapes(defis_identifiant,etapes_identifiant) VALUES (1,5);
INSERT INTO les_defis_etapes(defis_identifiant,etapes_identifiant) VALUES (1,6);
INSERT INTO les_defis_etapes(defis_identifiant,etapes_identifiant) VALUES (1,7);
INSERT INTO les_defis_etapes(defis_identifiant,etapes_identifiant) VALUES (1,8);
INSERT INTO les_defis_etapes(defis_identifiant,etapes_identifiant) VALUES (1,9);
INSERT INTO les_defis_etapes(defis_identifiant,etapes_identifiant) VALUES (1,10);
INSERT INTO les_defis_etapes(defis_identifiant,etapes_identifiant) VALUES (1,11);
INSERT INTO les_defis_etapes(defis_identifiant,etapes_identifiant) VALUES (1,12);
INSERT INTO les_defis_etapes(defis_identifiant,etapes_identifiant) VALUES (1,13);
INSERT INTO les_defis_etapes(defis_identifiant,etapes_identifiant) VALUES (1,14);
INSERT INTO les_defis_etapes(defis_identifiant,etapes_identifiant) VALUES (1,15);
INSERT INTO les_defis_etapes(defis_identifiant,etapes_identifiant) VALUES (1,16);
INSERT INTO les_defis_etapes(defis_identifiant,etapes_identifiant) VALUES (1,17);
INSERT INTO les_defis_etapes(defis_identifiant,etapes_identifiant) VALUES (1,18);
INSERT INTO les_defis_etapes(defis_identifiant,etapes_identifiant) VALUES (1,19);
INSERT INTO les_defis_etapes(defis_identifiant,etapes_identifiant) VALUES (1,20);
INSERT INTO les_defis_etapes(defis_identifiant,etapes_identifiant) VALUES (1,21);
INSERT INTO les_defis_etapes(defis_identifiant,etapes_identifiant) VALUES (1,22);
INSERT INTO les_defis_etapes(defis_identifiant,etapes_identifiant) VALUES (1,23);
INSERT INTO les_defis_etapes(defis_identifiant,etapes_identifiant) VALUES (1,24);
INSERT INTO les_defis_etapes(defis_identifiant,etapes_identifiant) VALUES (1,25);
INSERT INTO les_defis_etapes(defis_identifiant,etapes_identifiant) VALUES (1,26);









																				 
																				 
																				 



																			









